상표명(자재명),자재구분,사업자,유효기간,공시기관,가격,미생물 학명,농약/비료등록여부,연락처(사업장),제조장주소,기능태그,online_url
흙살림골드(미생물+점토광물+쌀겨),토양개량 및 작물생육용,농업회사법인 흙살림바이오(주),2025.02.10 ~ 2028.07.09,국립순천대학교 산학협력단,"15,000원/2kg",Bacillus subtilis,X,043-215-8179,충청북도 괴산군 불정면 한불로 1136,soil_improvement,https://search.shopping.naver.com/catalog/35806343970
재노탄(규산염+미생물),병해관리용,㈜한국바이오케미칼,2023.11.07 ~ 2026.11.06,국립순천대학교 산학협력단,"25,000원/500g",Bacillus subtilis,제36-살균-1호,055-763-0241,경상남도 진주시 문산읍 월아산로950번길 14-20,biocontrol_disease,https://shopping.naver.com/product/4520780181
오가닉탑시드(미생물),병해관리용,주식회사 지비텍,2023.10.10 ~ 2026.10.09,국립순천대학교 산학협력단,"20,000원/1L",Paenibacillus polymyxa,X,031-882-4541,경기도 여주시 북내면 여양3로 77-20,biocontrol_disease,
오가닉씰러스(미생물),병해관리용,주식회사 지비텍,2023.10.10 ~ 2026.10.09,국립순천대학교 산학협력단,"20,000원/1L",Bacillus subtilis,X,031-882-4541,경기도 여주시 북내면 여양3로 77-20,biocontrol_disease,
오가닉솔빛채(미생물),충해관리용,주식회사 지비텍,2023.10.10 ~ 2026.10.09,국립순천대학교 산학협력단,"15,000원/500ml",Bacillus thuringiensis,X,031-882-4541,경기도 여주시 북내면 여양3로 77-20,biocontrol_insect,
빛모음(미생물),토양개량 및 작물생육용,농업회사법인 흙살림바이오(주),2024.04.27 ~ 2027.04.26,국립순천대학교 산학협력단,"25,000/500mL",Rhodopseudomonas palustris,X,043-215-8179,충청북도 괴산군 불정면 한불로 1136,soil_improvement,
대유쏘일닥터(토양미생물제제),토양개량 및 작물생육용,㈜대유,2024.04.27 ~ 2027.04.26,강원대학교 산학협력단,"25,000원/3kg, 35,000원/5kg",Bacillus subtilis,제 충북 괴산048-가-20301 호,02-556-6293(043-834-3012),충청북도 괴산군 괴산읍 대제산단1길 12,soil_improvement,https://shopping.naver.com/product/12814533052
토리골드(미생물),병해관리용,㈜엠바이넥스,2024.04.27 ~ 2027.04.26,강원대학교 산학협력단,"10,000원/80g, 15,000원/100g, 30,000원/250g",Trichoderma harzianum,X,055-761-4701,경상남도 진주시 문산읍 월아산로950번길 25-3,biocontrol_disease,https://search.shopping.naver.com/catalog/53062413433
자연대로(토양미생물제제),토양개량 및 작물생육용,우림바이오㈜,2024.07.15 ~ 2027.07.14,강원대학교 산학협력단,"25,000원/500mL",Bacillus subtilis,제 전남 영광015-가-20301 호,031-294-1234(070-4244-2969),전라남도 영광군 백수읍 백수로 1215,soil_improvement,https://shopping.naver.com/product/11260287548
바이코나 입제(토양미생물제제),토양개량 및 작물생육용,투엠바이아연구소,2024.09.13 ~ 2027.09.12,강원대학교 산학협력단,"25,000원/5kg",Bacillus subtilis,제 충북 청주003-가-20301 호,043-212-2800,충청북도 청주시 청원구 북이면 용계내추로 297-11,soil_improvement,
활인산(토양미생물제제),작물생육용,농업회사법인 흙살림바이오(주),2024.09.13 ~ 2027.09.12,국립순천대학교 산학협력단,"8,000/1L, 35,000/10L",Lactobacillus fermentum,제 충북 괴산03-가-20301 호,043-215-8179,충청북도 괴산군 불정면 한불로 1136,soil_improvement,https://search.shopping.naver.com/catalog/24074294014
대유닥터푸란트(규조토+미생물),병해관리용,㈜대유,2024.09.13 ~ 2027.09.12,강원대학교 산학협력단,"5,000원/40g, 19,000원/500g, 35,000원/1kg",Bacillus subtilis,X,02-556-6293(043-834-3012),충청북도 괴산군 괴산읍 대제산단1길 12,biocontrol_disease,https://shopping.naver.com/product/12305756987
대유마이킹(미생물),병해관리용,㈜대유,2024.09.13 ~ 2027.09.12,강원대학교 산학협력단,"11,000원/250mL, 19,000원/500mL, 35,000원/1L",Streptomyces griseofuscus,X,02-556-6293(043-834-3012),충청북도 괴산군 괴산읍 대제산단1길 12,biocontrol_disease,https://www.nongdal.co.kr/goods/goods_view.php?goodsNo=1000000540&inflow=naver
충사냥(미생물),충해관리용,㈜씨엠씨코리아,2024.10.15 ~ 2027.10.14,강원대학교 산학협력단,"15,000원/100g, 20,000원/2kg",Bacillus thuringiensis,X,042-671-3378~9,대전광역시 유성구 국제과학7로 6 (신동),biocontrol_insect,https://search.shopping.naver.com/catalog/60004174171
대유에코사이드(규조토+미생물),충해관리용,㈜대유,2025.01.16 ~ 2028.01.15,강원대학교 산학협력단,"16,000원/100g, 30,000원/250g",Bacillus thuringiensis,X,02-556-6293(043-834-3012),충청북도 괴산군 괴산읍 대제산단1길 12,biocontrol_insect,https://search.shopping.naver.com/catalog/41851015755
어그리(미생물),충해관리용,㈜유피엘리미티드코리아,2025.04.15 ~ 2028.04.14,강원대학교 산학협력단,"30,000원/250g",Bacillus thuringiensis,X,043-852-8095,충청북도 충주시 풍동동막길 110 (가주동),biocontrol_insect,
흙향(미생물),병해관리용,㈜비아이지,2025.07.15 ~ 2028.07.14,강원대학교 산학협력단,"35,000원/10kg, 67,000원/20kg",Streptomyces griseus,X,042-934-8154,대전광역시 유성구 테크노3로 77-2 (관평동),biocontrol_disease,
바이코나 1호골드(토양미생물제제),토양개량 및 작물생육용,투엠바이아연구소,2023.10.10 ~ 2026.10.09,강원대학교 산학협력단,"10,000원/1kg",Bacillus subtilis,제 충북 청주003-가-20301 호,043-212-2800,충청북도 청주시 청원구 북이면 용계내추로 297-11,soil_improvement,
제균탄(미생물),병해관리용,㈜씨엠씨코리아,2023.12.27 ~ 2026.12.26,강원대학교 산학협력단,"20,000원/1L",Streptomyces lavendulae,X,042-671-3378~9,대전광역시 유성구 국제과학7로 6 (신동),biocontrol_disease,http://www.plantprotector.co.kr/index.html?branduid=12231079&ref=naver_open
바이코나 2호골드(토양미생물제제),토양개량 및 작물생육용,투엠바이아연구소,2024.04.27 ~ 2027.04.26,강원대학교 산학협력단,"15,000원/1kg",Bacillus mojavensis,제 충북 청주003-가-20301 호,043-212-2800,충청북도 청주시 청원구 북이면 용계내추로 297-11,soil_improvement,
지하부대케이엠(지하부대KM)(미생물),병해관리용,고려바이오㈜,2025.07.15 ~ 2028.07.14,강원대학교 산학협력단,"25,000원/2L","Bacillus amyloliquefaciens, Pseudomonas putida",X,031-354-8183,경기도 화성시 정남면 정남동로 346,biocontrol_disease,
올스탑(미생물),병해관리용,고려바이오㈜,2025.07.15 ~ 2028.07.14,강원대학교 산학협력단,"30,000원/500mL",Paenibacillus polymyxa,X,031-354-8183,경기도 화성시 정남면 정남동로 346,biocontrol_disease,https://shopping.naver.com/product/7899458949
팡가드(미생물),병해관리용,농업회사법인 투엠바이오㈜,2025.07.15 ~ 2028.07.14,강원대학교 산학협력단,"10,000원/100mL, 33,000원/500mL, 57,500원/1L, 195,000원/5L, 390,000원/10L, 730,000원/20L",Bacillus velezensis,X,031-647-3147,경기도 평택시 안중읍 학현길 35-20,biocontrol_disease,
총채지옥(미생물),충해관리용,㈜고려바이오연구소,2025.07.15 ~ 2028.07.14,강원대학교 산학협력단,"25,000원/2.5kg",Beauveria bassiana,X,033-264-5678,강원특별자치도 춘천시 퇴계농공로 79 (퇴계동),biocontrol_insect,https://shopping.naver.com/product/12585303205
효소원(미생물+해조추출물),작물생육용,㈜누림,2023.12.27 ~ 2026.12.26,국립순천대학교 산학협력단,"18,000원/500ml",Bacillus subtilis,X,033-251-2511,강원특별자치도 춘천시 동내면 거두단지1길 29,soil_improvement,
코마에이치액제(미생물제제),병해관리용,㈜남보,2024.02.26 ~ 2027.02.25,국립순천대학교 산학협력단,"7,000원/100mL, 13,000원/300mL, 22,000원/500mL, 38,000원/1L",Bacillus licheniformis,X,055-762-6867,경상남도 진주시 문산읍 월아산로950번길 25-21,biocontrol_disease,https://search.shopping.naver.com/catalog/60432307896
참선충(미생물),충해관리용,㈜에코윈,2023.12.27 ~ 2026.12.26,강원대학교 산학협력단,"40,000원/1L, 75,000원/2L",Photorhabdus temperata,X,053-582-0321,대구광역시 달성군 유가읍 테크노중앙대로2길 18,biocontrol_insect,https://shopping.naver.com/product/11720674780
폭신폭신(토양미생물제제),토양개량 및 작물생육용,㈜한국바이오케미칼,2024.10.11 ~ 2027.10.10,국립순천대학교 산학협력단,"22,000원/5kg",Bacillus subtilis,제 경남 진주036-가-20201호,055-763-0241,경상남도 진주시 문산읍 월아산로950번길 14-20,soil_improvement,
나방잡아(미생물),충해관리용,㈜누림,2025.01.10 ~ 2028.01.09,국립순천대학교 산학협력단,"20,000원/500ml",Bacillus thuringiensis,X,033-251-2511,강원특별자치도 춘천시 동내면 거두단지1길 29,biocontrol_insect,
토토빔(토양미생물제제),토양개량 및 작물생육용,㈜씨엠씨코리아,2025.03.25 ~ 2028.03.24,강원대학교 산학협력단,"8,000원/500g, 25,000원/5kg, 40,000원/10kg",Bacillus megaterium,제 대전 유성061-가-20301 호,042-671-3378~9,대전광역시 유성구 국제과학7로 6 (신동),soil_improvement,
트리아눔-피(P)(미생물),병해관리용,코퍼트㈜,2025.04.15 ~ 2028.04.14,강원대학교 산학협력단,"220,000원/500g, 1,650,000원/5kg",Trichoderma harzianum,X,031-795-2692,경기도 광주시 초월읍 산수로645번길 48-3,biocontrol_disease,
먹충이 파워(미생물+식물추출물),충해관리용,우림바이오㈜,2025.04.15 ~ 2028.04.14,강원대학교 산학협력단,"43,000원/500mL",Bacillus subtilis,X,031-294-1234(070-4244-2969),전라남도 영광군 백수읍 백수로 1215,biocontrol_insect,
수도응삼이(미생물+식물추출물),충해관리용,고려바이오㈜,2025.04.15 ~ 2028.04.14,강원대학교 산학협력단,"37,000원/500mL, 74,000원/1L, 148,000원/2L, 222,000원/3L, 1,480,000원/20L",Bacillus subtilis,X,031-354-8183,경기도 화성시 정남면 정남동로 346,biocontrol_insect,https://shopping.naver.com/product/7899458945
균바이(미생물),병해관리용,㈜자연과미래,2025.04.15 ~ 2028.04.14,강원대학교 산학협력단,"20,000원/1L",Bacillus subtilis,X,061-363-8488,전라남도 곡성군 오산면 무옥로 359,biocontrol_disease,
젠타리(미생물),충해관리용,㈜농협케미컬,2025.05.29 ~ 2028.05.28,강원대학교 산학협력단,"6,000원/100g, 15,000원/250g",Bacillus thuringiensis,제8-살충-22호,031-738-5200(042-623-0388),대전광역시 대덕구 대화로 130 (대화동),biocontrol_insect,
청달래(미생물),충해관리용,농업회사법인 흙살림바이오(주),2025.07.10 ~ 2028.07.09,국립순천대학교 산학협력단,"20,000원/1L",Bacillus thuringiensis,X,043-215-8179,충청북도 괴산군 불정면 한불로 1136,biocontrol_insect,https://search.shopping.naver.com/catalog/60325520503
잘무더(미생물+이탄),토양개량 및 작물생육용,고려바이오㈜,2025.08.26 ~ 2028.08.25,강원대학교 산학협력단,"14,000원/250mL",Bacillus subtilis,X,031-354-8183,경기도 화성시 정남면 정남동로 346,soil_improvement,https://shopping.naver.com/product/7899458962
자연토(미생물+점토광물+토탄),토양개량 및 작물생육용,고려바이오㈜,2026.01.29 ~ 2029.01.28,강원대학교 산학협력단,"20,000원/10kg",Bacillus subtilis,X,031-354-8183,경기도 화성시 정남면 정남동로 346,soil_improvement,https://shopping.naver.com/product/5983980503
파워토토(토양미생물제제),토양개량 및 작물생육용,㈜대덕바이오,2026.01.29 ~ 2029.01.28,강원대학교 산학협력단,"25,000원/10kg",Bacillus amyloliquefaciens,제 충남 금산002-가-20301 호,042-823-4696,충청남도 금산군 추부면 신평공단로 57,soil_improvement,https://www.nongdal.co.kr/goods/goods_view.php?goodsNo=1000004395&inflow=naver
유산균발효(액)(미생물),토양개량 및 작물생육용,㈜쎌바이오텍,2026.01.29 ~ 2029.01.28,강원대학교 산학협력단,"10,000원/1L, 50,000원/5L, 100,000원/10L, 200,000원/20L, 1,000,000원/100L, 10,000,000원/1,000L",Lactobacillus acidophilus,X,031-987-6205,경기도 김포시 월곶면 애기봉로409번길 50,soil_improvement,
트리코마 수화제(토양미생물제제),토양개량 및 작물생육용,㈜케이엔텍,2026.03.25 ~ 2029.03.24,강원대학교 산학협력단,"12,000원/60g, 35,000원/200g",Trichoderma harzianum,제 경기 화성144-가-20301 호,070-4408-2113,경기도 화성시 우정읍 만곡동1길 42,soil_improvement,https://search.shopping.naver.com/catalog/56630993014
세머루(미생물),병해관리용,㈜엠바이넥스,2026.03.25 ~ 2029.03.24,강원대학교 산학협력단,"15,000원/100g, 25,000원/200g, 120,000원/1kg",Bacillus methylotrophicus,X,055-761-4701,경상남도 진주시 문산읍 월아산로950번길 25-3,biocontrol_disease,https://search.shopping.naver.com/catalog/52676984285
토박이 액상수화제(미생물),충해관리용,㈜팜한농,2026.04.30 ~ 2029.04.29,강원대학교 산학협력단,"12,000원/400mL, 120,000원/4L",Bacillus thuringiensis,제46-살충-289호,1644-0901,경상북도 구미시 남구미로 69 (공단동),biocontrol_insect,
땅심이(토양미생물제제),토양개량 및 작물생육용,(주)신성미네랄,2025.09.02 ~ 2028.09.01,국립순천대학교 산학협력단,"30,000원/10kg",Bacillus subtilis,제 충북 괴산001-가-20301호,043-836-9630,충청북도 괴산군 청안면 조천로2길 34,soil_improvement,https://shopping.naver.com/product/5828041129
바루복합유산균(토양미생물제제),토양개량 및 작물생육용,㈜지에스엘바이오,2023.08.21 ~ 2026.08.20,국립순천대학교 산학협력단,"20,000원/1L, 90,000원/5L, 80,000원/20L",Lactobacillus paracasei,제 제주 서귀포34-가-20301호,064-794-2334,제주특별자치도 서귀포시 대정읍 일주서로3000번길 137-10,soil_improvement,https://search.shopping.naver.com/catalog/60346354318
이엠-1(원액)( EM-1(원액))(토양미생물제제),작물생육용,㈜에버미라클,2023.11.07 ~ 2026.11.06,국립순천대학교 산학협력단,"67,000원/10L, 120,000원/19L, 120,000원/20L",Lactobacillus casei,제 전북 전주12-가-20301호,063-220-2013,전북특별자치도 전주시 완산구 능안자구길 134-44 (삼천동3가),soil_improvement,
트리코마 입제(토양미생물제제),토양개량 및 작물생육용,㈜케이엔텍,2023.12.23 ~ 2026.12.22,강원대학교 산학협력단,"15,000원/2.5kg, 35,000원/5kg, 70,000원/10kg",Trichoderma harzianum,제 경기 화성144-가-20301 호,070-4408-2113,경기도 화성시 우정읍 만곡동1길 42,soil_improvement,https://shopping.naver.com/product/8222005441
대유마이크로닥터(미생물),병해관리용,㈜대유,2023.12.23 ~ 2026.12.22,강원대학교 산학협력단,"13,000원/250mL, 20,000원/500mL","Bacillus amyloliquefaciens, Bacillus subtilis",X,02-556-6293(043-834-3012),충청북도 괴산군 괴산읍 대제산단1길 12,biocontrol_disease,https://search.shopping.naver.com/catalog/40954137728
황금 에스2(S2)(미생물+쌀겨+자연암석분말+토탄추출물+황),토양개량 및 작물생육용,㈜내츄럴이앤지,2024.01.30 ~ 2027.01.29,강원대학교 산학협력단,"30,000원/10kg",Bacillus subtilis,X,070-7506-0001(031-676-2702),경기도 안성시 일죽면 주래본죽로 371,soil_improvement,
페니트리콤골드(토양미생물제제),토양개량 및 작물생육용,SJ인터내셔날,2024.02.26 ~ 2027.02.25,국립순천대학교 산학협력단,"10,000/1.8L, 25,000/5kg, 40,000원/10L",Paenibacillus polymyxa,경남 진주43-가-20301호,055-762-0025,경상남도 진주시 문산읍 월아산로950번길 25-9,soil_improvement,https://shopping.naver.com/product/675631973
아그로믹(미생물+점토광물),토양개량 및 작물생육용,㈜오비트,2024.03.02 ~ 2027.03.01,강원대학교 산학협력단,"30,000원/200g, 125,000원/5kg",Trichoderma harzianum,X,041-551-3660,강원특별자치도 춘천시 강원대학길 1 (효자동),soil_improvement,https://shopping.naver.com/product/6449366366
티비에스(TBS)(토양미생물제제),토양개량 및 작물생육용,㈜세화테크,2024.03.03 ~ 2027.03.02,강원대학교 산학협력단,"38,500원/30g",Bacillus amyloliquefaciens,제 경기 수원41-나-20301 호,031-223-0006,경기도 수원시 권선구 세권로 213 (권선동),soil_improvement,
지앤엠토양개량제(토양미생물제제),작물생육용,지앤엠주식회사,2024.05.19 ~ 2027.05.18,국립순천대학교 산학협력단,"7,700원/1L, 132,000원/20L",Bacillus subtilis,전북 전주18-가-20301호,063-291-1222,전북특별자치도 전주시 덕진구 신성길 17-2 (성덕동),soil_improvement,
브이케이진생 플러스(토양미생물제제),토양개량 및 작물생육용,(유)아스틴,2024.06.10 ~ 2027.06.09,강원대학교 산학협력단,"20,000원/5kg",Bacillus subtilis,제 충남 청양002-가-20301 호,063-832-1358(041-942-5030),충청남도 청양군 비봉면 록평용당로 347,soil_improvement,
삼고랑플러스(미생물+쌀겨+제당부산물),토양개량 및 작물생육용,농업회사법인 ㈜팜스코리아,2024.08.17 ~ 2027.08.16,강원대학교 산학협력단,"25,000원/10kg",Saccharomyces cerevisiae,X,061-381-0245,전라남도 담양군 무정면 수문동길 17,soil_improvement,https://shopping.naver.com/product/12409292297
천공탄(미생물),병해관리용,㈜팜한농,2024.11.11 ~ 2027.11.10,강원대학교 산학협력단,"20,000원/500mL",Bacillus velezensis,X,1644-0901,경상북도 구미시 남구미로 69 (공단동),biocontrol_disease,https://shopping.naver.com/product/5706103617
흙나라골드(토양미생물제제),토양개량 및 작물생육용,농업회사법인 흙살림바이오(주),2024.11.27 ~ 2027.11.26,국립순천대학교 산학협력단,"7,000/10kg",Bacillus subtilis,제 충북괴산03-가-20201호,043-215-8179,충청북도 괴산군 불정면 한불로 1136,soil_improvement,https://shopping.naver.com/product/6037380591
기어텐(GEAR-10)(미생물+제당부산물),토양개량 및 작물생육용,농업회사법인 투엠바이오㈜,2025.01.08 ~ 2028.01.07,강원대학교 산학협력단,"30,000원/50g",Bacillus subtilis,X,031-647-3147,경기도 평택시 안중읍 학현길 35-20,soil_improvement,https://link.coupang.com/re/PCSNAVERPCSDP?pageKey=7487568586&ctag=7487568586&lptag=P7487568586&itemId=19572945450&vendorItemId=86680697038&spec=10305199
선충제로(미생물),충해관리용,농업회사법인 성주참외혁신지원단㈜,2025.01.14 ~ 2028.01.13,강원대학교 산학협력단,"18,000원/1L",Bacillus subtilis,X,054-933-6854,경상북도 성주군 대가면 옥성4길 1,biocontrol_insect,
알차니(미생물),병해관리용,한국삼공㈜,2025.03.23 ~ 2028.03.22,강원대학교 산학협력단,"25,000원/5kg",Burkholderia pyrrocinia,X,063-861-8144(063-546-6081),전북특별자치도 김제시 금구면 콩쥐팥쥐로 788-22,biocontrol_disease,
제균탄-골드(미생물),작물생육용,㈜씨엠씨코리아,2025.03.23 ~ 2028.03.22,강원대학교 산학협력단,"5,000원/90mL, 20,000원/1L",Bacillus amyloliquefaciens,X,042-671-3378~9,대전광역시 유성구 국제과학7로 6 (신동),soil_improvement,
콤비네이션(미생물+점토광물+토탄),토양개량 및 작물생육용,㈜아미텍,2025.04.08 ~ 2028.04.07,강원대학교 산학협력단,"10,000원/3kg, 20,000원/5kg, 30,000원/10kg, 50,000원/15kg",Bacillus subtilis,X,041-753-8947,충청남도 금산군 추부면 추풍로 241,soil_improvement,https://shopping.naver.com/product/12833341556
팔파래(미생물),병해관리용,에스비위드크롭스㈜,2025.04.08 ~ 2028.04.07,강원대학교 산학협력단,"30,000원/500g",Bacillus amyloliquefaciens,X,070-8299-5648,경기도 안산시 단원구 산단로19번길 168 (목내동),biocontrol_disease,https://shopping.naver.com/product/8505262572
흙심이(미생물+미생물추출물),토양개량 및 작물생육용,㈜미산,2025.04.06 ~ 2028.04.05,강원대학교 산학협력단,"30,000원/10kg",Bacillus subtilis,X,054-337-1570,경상북도 영천시 채신2공단길 79-13 (채신동),soil_improvement,https://search.shopping.naver.com/catalog/60086798450
비에스제이(BSJ)복합 미생물배양체(토양미생물제제),토양개량 및 작물생육용,팔마미생물㈜,2025.05.04 ~ 2028.05.03,강원대학교 산학협력단,"24,000원/4kg","Bacillus licheniformis, Bacillus subtilis, Lactobacillus plantarum",제 충남 홍성003-가-20301 호,02-703-7796(041-642-6900),충청남도 홍성군 장곡면 홍남동로 880,soil_improvement,
팡이코마수화제(미생물),병해관리용,㈜남보,2025.04.12 ~ 2028.04.11,국립순천대학교 산학협력단,"15,000원/60g, 25,000원/150g",Trichoderma atroviride,X,055-762-6867,경상남도 진주시 문산읍 월아산로950번길 25-21,biocontrol_disease,https://link.coupang.com/re/PCSNAVERPCSDP?pageKey=8349267009&ctag=8349267009&lptag=I27924950390&itemId=27924950390&vendorItemId=94883438754&spec=10305199
바이오119(토양미생물제제),토양개량 및 작물생육용,㈜조비,2025.06.22 ~ 2028.06.21,강원대학교 산학협력단,"22,000원/500mL",Bacillus amyloliquefaciens,제 울산 남005-가-20301 호,1811-0584,울산광역시 남구 여천로163번길 22 (여천동),soil_improvement,https://shopping.naver.com/product/11184749441
바이오스트롱(미생물),병해관리용,㈜현농,2025.12.21 ~ 2028.12.20,강원대학교 산학협력단,"30,000원/1L",Bacillus subtilis,X,061-393-5316,전라남도 장성군 남면 나노산단3로 33-5,biocontrol_disease,
애미(토양미생물제제),토양개량 및 작물생육용,고원㈜,2025.07.26 ~ 2028.07.25,국립순천대학교 산학협력단,"5,000원/1L, 45,000원/10L, 90,000원/20L","Bacillus subtilis, Lactobacillus casei",제 제주 서귀포05-가-20301호,064-738-7868,제주특별자치도 서귀포시 도순남로 97 (도순동),soil_improvement,
노팡스(미생물),병해충관리용,㈜한국바이오케미칼,2025.08.26 ~ 2028.08.25,국립순천대학교 산학협력단,"25,000원/500g",Bacillus amyloliquefaciens,X,055-763-0241,경상남도 진주시 문산읍 월아산로950번길 14-20,biocontrol_both,
라이브골드(토양미생물제제),토양개량 및 작물생육용,㈜태인,2025.12.21 ~ 2028.12.20,강원대학교 산학협력단,"30,000원/10kg",Bacillus subtilis,제 경북 경주069-가-20301 호,054-761-3355,경상북도 경주시 안강읍 두류길 297,soil_improvement,
총채싹(규조토+미생물),충해관리용,㈜팜한농,2026.02.15 ~ 2029.02.14,강원대학교 산학협력단,"20,000원/1kg",Beauveria bassiana,X,1644-0901,경상북도 구미시 남구미로 69 (공단동),biocontrol_insect,https://search.shopping.naver.com/catalog/59847706161
짭짤이2호플러스(토양미생물제제),토양개량 및 작물생육용,대저농협유통센타,2026.03.22 ~ 2029.03.21,강원대학교 산학협력단,"30,000원/20L",Bacillus subtilis,제 부산 강서31-가-20301 호,051-972-4154(051-972-4152),부산광역시 강서구 공항로533번길 337 (대저2동),soil_improvement,
락토스타(토양미생물제제),토양개량 및 작물생육용,효성오앤비㈜,2023.06.21 ~ 2026.06.20,강원대학교 산학협력단,"10,000원/1kg",Bacillus amyloliquefaciens,제 대전 유성40-가-20301 호,041-545-8116(042-624-7613),대전광역시 유성구 유성대로1596번길 46 (전민동),soil_improvement,
불나방케이(K)(미생물+파라핀오일),충해관리용,그린케어,2023.09.22 ~ 2026.09.21,국립순천대학교 산학협력단,"11,000원/100mL, 25,000원/500mL, 50,000원/1L, 120,000원/3L",Bacillus methylotrophicus,X,063-905-4480,충청북도 충주시 금가면 강수로 81-5,biocontrol_insect,
빌리언(미생물),충해관리용,농업회사법인 투엠바이오㈜,2023.11.02 ~ 2026.11.01,강원대학교 산학협력단,"12,500원/50g, 20,000원/250g",Bacillus thuringiensis,X,031-647-3147,경기도 평택시 안중읍 학현길 35-20,biocontrol_insect,
부활큐(미생물),토양개량 및 작물생육용,글로벌아그로㈜,2023.12.20 ~ 2026.12.19,강원대학교 산학협력단,"28,000원/1L",Bacillus velezensis,X,1800-0584,경상북도 안동시 풍산읍 절뒤길 18,soil_improvement,
병해뚝(규조토+미생물),병해충관리용,㈜대유,2024.01.25 ~ 2027.01.24,국립순천대학교 산학협력단,"24,000원/3kg",Bacillus subtilis,X,02-556-6293(043-834-3012),충청북도 괴산군 괴산읍 대제산단1길 12,biocontrol_both,https://search.shopping.naver.com/catalog/59706561234
고이-8(미생물+이탄),토양개량 및 작물생육용,우림바이오㈜,2024.02.28 ~ 2027.02.27,강원대학교 산학협력단,"25,000원/15kg",Saccharomyces cerevisiae,X,031-294-1234(070-4244-2969),전라남도 영광군 백수읍 백수로 1215,soil_improvement,
푸른세상골드(미생물+점토광물),토양개량 및 작물생육용,그린케어,2024.02.22 ~ 2027.02.21,국립순천대학교 산학협력단,"15,000/2kg, 30,000/5kg",Trichoderma harzianum,X,063-905-4480,전북특별자치도 완주군 구이면 구이로 892,soil_improvement,https://shopping.naver.com/product/9922167124
락토(미생물+쌀겨+점토광물+제당부산물),토양개량 및 작물생육용,FM애그텍,2024.02.21 ~ 2027.02.20,강원대학교 산학협력단,"15,000원/2kg, 60,000원/10kg",Pichia anomala,X,043-237-0278,충청북도 청주시 흥덕구 오송읍 오송생명6로 10,soil_improvement,
총채뚝(미생물),병해충관리용,㈜남보,2024.03.09 ~ 2027.03.08,국립순천대학교 산학협력단,"3,500원/10g, 15,000원/60g, 15,000원/250g, 6,000원/300g, 25,000원/500g, 15,000원/1kg",Lecanicillium attenuatum,X,055-762-6867,경상남도 진주시 문산읍 월아산로950번길 25-21,biocontrol_both,https://search.shopping.naver.com/catalog/60346229282
비티투(미생물),충해관리용,고려바이오㈜,2024.06.27 ~ 2027.06.26,강원대학교 산학협력단,"20,000원/500g",Bacillus thuringiensis,X,031-354-8183,경기도 화성시 정남면 정남동로 346,biocontrol_insect,https://shopping.naver.com/product/7899458942
카이노스(토양미생물제제),토양개량 및 작물생육용,MVP애그텍,2024.06.29 ~ 2027.06.28,국립순천대학교 산학협력단,"10,000원/500mL, 15,000원/1L, 50,000원/5L","Aspergillus oryzae, Bacillus amyloliquefaciens",충북 옥천004-가-20301호,043-733-8996~7,충청북도 옥천군 군서면 동평3길 45-26,soil_improvement,
락토히록스골드(토양미생물제제),토양개량 및 작물생육용,코리아히록스,2024.08.08 ~ 2027.08.07,강원대학교 산학협력단,"25,000원/1kg",Bacillus subtilis,제 경북 경산048-가-20301 호,053-423-7535,경상북도 경산시 압량읍 압독로 153-12,soil_improvement,https://shopping.naver.com/product/13388829919
비티더블유(미생물),충해관리용,㈜엔비아그로,2024.10.24 ~ 2027.10.23,강원대학교 산학협력단,"8,000원/250mL, 15,000원/500mL, 25,000원/1L, 50,000원/2L, 75,000원/3L, 100,000원/4L, 112,500원/4.5L",Bacillus thuringiensis,X,041-754-1015,충청남도 금산군 추부면 숭암로 117,biocontrol_insect,https://shopping.naver.com/product/4753833532
참총충 입제(미생물),충해관리용,㈜에코윈,2024.12.12 ~ 2027.12.11,강원대학교 산학협력단,"25,000원/250g, 30,000원/2kg",Isaria javanica,X,053-582-0321,대구광역시 달성군 유가읍 테크노중앙대로2길 18,biocontrol_insect,https://shopping.naver.com/product/6100083885
바이코나 액제(토양미생물제제),토양개량 및 작물생육용,투엠바이아연구소,2025.01.09 ~ 2028.01.08,강원대학교 산학협력단,"100,000원/15L",Bacillus subtilis,제 충북 청주003-가-20301 호,043-212-2800,충청북도 청주시 청원구 북이면 용계내추로 297-11,soil_improvement,
순천비티제(미생물),충해관리용,순천시농업기술센터,2024.12.28 ~ 2027.12.27,국립순천대학교 산학협력단,"12,000/5L (관내 농민 1,750원/5L)",Bacillus thuringiensis,X,061-749-8773,전라남도 순천시 승주읍 승주로 538-8,biocontrol_insect,
늘푸른세상(미생물+자연암석분말+점토광물),토양개량 및 작물생육용,㈜엠바이넥스,2025.02.20 ~ 2028.02.19,강원대학교 산학협력단,"4,000원/500g, 15,000원/2kg, 27,000원/5kg",Trichoderma harzianum,X,055-761-4701,경상남도 진주시 문산읍 월아산로950번길 25-3,soil_improvement,https://search.shopping.naver.com/catalog/52541762514
랜드콘 제이에스(미생물),토양개량 및 작물생육용,글로벌아그로㈜,2025.02.20 ~ 2028.02.19,강원대학교 산학협력단,"25,000원/2L",Bacillus subtilis,X,1800-0584,경상북도 안동시 풍산읍 절뒤길 18,soil_improvement,https://www.nongdal.co.kr/goods/goods_view.php?goodsNo=1000006540&inflow=naver
대유총진싹(미생물),병해충관리용,㈜대유,2025.01.28 ~ 2028.01.27,국립순천대학교 산학협력단,"13,000원/250mL, 22,000원/500mL, 44,000원/1L",Beauveria bassiana,X,02-556-6293(043-834-3012),충청북도 괴산군 괴산읍 대제산단1길 12,biocontrol_both,https://shopping.naver.com/product/4988396911
비티력(미생물),충해관리용,FM애그텍,2025.03.27 ~ 2028.03.26,강원대학교 산학협력단,"20,000원/500g",Bacillus thuringiensis,X,043-237-0278,충청북도 청주시 흥덕구 오송읍 오송생명6로 10,biocontrol_insect,
충진뚝(미생물+자연암석분말),토양개량 및 작물생육용,㈜남보,2025.03.29 ~ 2028.03.28,국립순천대학교 산학협력단,"15,000원/60g, 15,000원/1kg",Paecilomyces lilacinus,X,055-762-6867,경상남도 진주시 문산읍 월아산로950번길 25-21,soil_improvement,
진나방뚝(미생물),충해관리용,㈜남보,2025.04.26 ~ 2028.04.25,국립순천대학교 산학협력단,"3,500원/10g, 6,000원/300g, 15,000원/60g, 25,000원/200g, 15,000원/1kg",Bacillus thuringiensis,X,055-762-6867,경상남도 진주시 문산읍 월아산로950번길 25-21,biocontrol_insect,https://search.shopping.naver.com/catalog/48104942877
총채프리(미생물),충해관리용,㈜이지,2025.10.23 ~ 2028.10.22,강원대학교 산학협력단,"20,000원/1kg",Beauveria bassiana,X,053-939-6670,충청남도 아산시 온천대로1122번길 45-12 (득산동),biocontrol_insect,https://shopping.naver.com/product/4800911901
만다 31호(토양미생물제제),토양개량 및 작물생육용,해성씨드플러스㈜ 농업회사법인,2025.10.23 ~ 2028.10.22,강원대학교 산학협력단,"5,000원/4mL, 44,000원/50mL, 88,000원/100mL, 330,000원/500mL, 590,000원/1L",Bacillus subtilis,제 부산 강서023-나-20301 호,051-973-9697,부산광역시 강서구 공항앞길 67 (대저2동),soil_improvement,https://search.shopping.naver.com/catalog/59629299914
청고팡 골드(미생물+점토광물+제당부산물),토양개량 및 작물생육용,㈜비아이지,2025.10.23 ~ 2028.10.22,강원대학교 산학협력단,"50,000원/300g",Bacillus amyloliquefaciens,X,042-934-8154,대전광역시 유성구 테크노3로 77-2 (관평동),soil_improvement,https://shopping.naver.com/product/13630711295
에프원(F-1)(동물부산물+미생물),토양개량 및 작물생육용,우림바이오㈜,2025.11.27 ~ 2028.11.26,강원대학교 산학협력단,"15,000원/2kg",Bacillus subtilis,X,031-294-1234(070-4244-2969),전라남도 영광군 백수읍 백수로 1215,soil_improvement,
노고지리(미생물),병해관리용,㈜엠바이넥스,2025.11.27 ~ 2028.11.26,강원대학교 산학협력단,"14,000원/100g, 30,000원/250g",Bacillus subtilis,X,055-761-4701,경상남도 진주시 문산읍 월아산로950번길 25-3,biocontrol_disease,
입상 락토히록스골드(토양미생물제제),토양개량 및 작물생육용,코리아히록스,2025.11.27 ~ 2028.11.26,강원대학교 산학협력단,"30,000원/10kg",Lactobacillus casei,제 경북 경산048-가-20301 호,053-423-7535,경상북도 경산시 압량읍 압독로 153-12,soil_improvement,
총채싹플러스(규조토+미생물+중탄산나트륨),병해충관리용,㈜팜한농,2026.01.22 ~ 2029.01.21,강원대학교 산학협력단,"30,000원/200g",Beauveria bassiana,X,1644-0901,경상북도 영천시 청통면 사일로 367-11,biocontrol_both,https://shopping.naver.com/product/8751856343
비티박사(미생물),충해관리용,㈜누림,2025.12.19 ~ 2028.12.18,국립순천대학교 산학협력단,"20,000원/500g",Bacillus thuringiensis,X,033-251-2511,강원특별자치도 춘천시 동내면 거두단지1길 29,biocontrol_insect,https://search.shopping.naver.com/catalog/60325422945
피지피알 최강(미생물+제당산업의 부산물),작물생육용,피지피알(PGPR),2026.01.31 ~ 2029.01.30,국립순천대학교 산학협력단,"75,000원/3kg",Saccharomyces cerevisiae,X,054-971-9780,경상북도 칠곡군 지천면 신동로 78-21,soil_improvement,
총채프리 에스(미생물),충해관리용,㈜이지,2026.03.18 ~ 2029.03.17,강원대학교 산학협력단,"30,000원/200g",Beauveria bassiana,X,053-939-6670,충청남도 아산시 온천대로1122번길 45-12 (득산동),biocontrol_insect,https://search.shopping.naver.com/catalog/59647158602
쏘넘버쓰리(미생물+자연암석분말),작물생육용,태리온㈜,2026.02.19 ~ 2029.02.18,강원대학교 산학협력단,"22,000원/200g",Bacillus subtilis,X,061-324-0032,전라남도 함평군 대동면 함장로 1645-8,soil_improvement,
진총채뚝(미생물),병해충관리용,㈜남보,2026.02.28 ~ 2029.02.27,국립순천대학교 산학협력단,"18,000원/60g, 18,000원/1kg","Isaria fumosorosea, Lecanicillium attenuatum",X,055-762-6867,경상남도 진주시 문산읍 월아산로950번길 25-21,biocontrol_both,
락토쏘일킹(토양미생물제제),토양개량 및 작물생육용,코리아히록스,2026.04.22 ~ 2029.04.21,강원대학교 산학협력단,"30,000원/1kg",Lactobacillus plantarum,제 경북 경산048-가-20301 호,053-423-7535,경상북도 경산시 압량읍 압독로 153-12,soil_improvement,
대유쿠르스타(미생물),충해관리용,㈜대유,2026.03.17 ~ 2029.03.16,국립순천대학교 산학협력단,"30,000원/500mL",Bacillus thuringiensis,X,02-556-6293(043-834-3012),충청북도 괴산군 괴산읍 대제산단1길 12,biocontrol_insect,https://search.shopping.naver.com/catalog/60055470552
대유총진싹 입제(규조토+미생물),병해충관리용,㈜대유,2026.03.17 ~ 2029.03.16,국립순천대학교 산학협력단,"15,000원/1.5kg, 26,000원/3kg","Bacillus thuringiensis, Beauveria bassiana",X,02-556-6293(043-834-3012),충청북도 괴산군 괴산읍 대제산단1길 12,biocontrol_both,https://search.shopping.naver.com/catalog/35785734295
대유팡싹충싹 입제(규조토+미생물),병해충관리용,㈜대유,2026.03.17 ~ 2029.03.16,국립순천대학교 산학협력단,"22,000원/1.5kg, 36,000원/3kg","Beauveria bassiana, Trichoderma harzianum",X,02-556-6293(043-834-3012),충청북도 괴산군 괴산읍 대제산단1길 12,biocontrol_both,https://shopping.naver.com/product/9893723626
파워콤비네이션(미생물+점토광물+토탄),토양개량 및 작물생육용,㈜현농,2026.05.20 ~ 2029.05.19,강원대학교 산학협력단,"20,000원/3kg",Bacillus subtilis,X,061-393-5316,전라남도 장성군 남면 나노산단3로 33-5,soil_improvement,
슈퍼바이오 에이(A)(미생물+제당부산물),토양개량 및 작물생육용,㈜엠씨바이오텍,2023.07.22 ~ 2026.07.21,강원대학교 산학협력단,"20,000원/500g, 40,000원/1kg, 200,000원/5kg",Bacillus velezensis,X,062-716-1181,전북특별자치도 고창군 흥덕면 선운대로 3619-18,soil_improvement,
탄저킬(미생물),병해관리용,고려바이오㈜,2023.08.19 ~ 2026.08.18,강원대학교 산학협력단,"30,000원/1L",Bacillus amyloliquefaciens,X,031-354-8183,경기도 화성시 정남면 정남동로 346,biocontrol_disease,https://shopping.naver.com/product/6337218291
뿌리고(미생물),토양개량 및 작물생육용,㈜마이크로자임,2023.08.19 ~ 2026.08.18,강원대학교 산학협력단,"10,000원/200g, 90,000원/5kg",Bacillus velezensis,X,061-363-0607,전북특별자치도 정읍시 첨단2로 78 (신정동),soil_improvement,https://shopping.naver.com/product/13467153519
피지피알 바실러스(미생물+이탄+제당산업의 부산물),작물생육용,피지피알(PGPR),2023.07.30 ~ 2026.07.29,국립순천대학교 산학협력단,"20,000원/1kg",Bacillus subtilis,X,054-971-9780,경상북도 칠곡군 지천면 신동로 78-21,soil_improvement,
가루싹(미생물+식물추출물),병해충관리용,㈜엔비아그로,2023.11.25 ~ 2026.11.24,강원대학교 산학협력단,"25,000원/250mL, 50,000원/500mL",Bacillus amyloliquefaciens,X,041-754-1015,충청남도 금산군 추부면 숭암로 117,biocontrol_both,https://search.shopping.naver.com/catalog/46471226172
에코쏠루트(토양미생물제제),토양개량 및 작물생육용,㈜도프,2023.10.29 ~ 2026.10.28,강원대학교 산학협력단,"5,000원/100mL, 30,000원/1L, 60,000원/2L, 90,000원/3L",Bacillus subtilis,제 경기 평택01-가-20301 호,031-683-2444,경기도 평택시 청북읍 어연길 144,soil_improvement,
세리펠(미생물),병해관리용,㈜팜한농,2024.01.20 ~ 2027.01.19,강원대학교 산학협력단,"32,000원/250g",Bacillus amyloliquefaciens,X,1644-0901,경상북도 영천시 청통면 사일로 367-11,biocontrol_disease,http://www.plantprotector.co.kr/index.html?branduid=50795&ref=naver_open
쏘일바리스타(미생물+식품공장의 유기적 부산물+점토광물),토양개량 및 작물생육용,㈜현농,2023.11.25 ~ 2026.11.24,강원대학교 산학협력단,"25,000원/10kg",Bacillus subtilis,X,061-393-5316,전라남도 장성군 남면 나노산단3로 33-5,soil_improvement,https://search.shopping.naver.com/catalog/40374425833
세라탄(미생물),병해관리용,고려바이오㈜,2023.12.23 ~ 2026.12.22,강원대학교 산학협력단,"30,000원/500mL",Serratia plymuthica,X,031-354-8183,경기도 화성시 정남면 정남동로 346,biocontrol_disease,
팜엔자임에스피(SP)(미생물+제당산업의 부산물+토탄추출물),토양개량 및 작물생육용,팜프랜드,2023.11.26 ~ 2026.11.25,국립순천대학교 산학협력단,"22,000원/1kg",Bacillus subtilis,X,043-848-2015,충청북도 충주시 금가면 강수로 81-5,soil_improvement,
지에스자임(토양미생물제제),토양개량 및 작물생육용,팜프랜드,2023.11.26 ~ 2026.11.25,국립순천대학교 산학협력단,"22,000원/2kg",Bacillus subtilis,제 충북 충주032-가-20301 호,043-848-2015,충청북도 충주시 금가면 강수로 81-5,soil_improvement,
작토핏(미생물),토양개량 및 작물생육용,글로벌아그로㈜,2023.12.23 ~ 2026.12.22,강원대학교 산학협력단,"30,000원/1L",Bacillus amyloliquefaciens,X,1800-0584,경상북도 안동시 풍산읍 절뒤길 18,soil_improvement,https://shopping.naver.com/product/13297505066
헬기로균(미생물),병해관리용,그린케어,2023.12.18 ~ 2026.12.17,국립순천대학교 산학협력단,"10,000원/100mL, 40,000원/1L, 90,000원/3L",Bacillus subtilis,X,063-905-4480,충청북도 충주시 금가면 강수로 81-5,biocontrol_disease,
토충뚝(미생물),병해충관리용,SJ인터내셔날,2024.01.22 ~ 2027.01.21,국립순천대학교 산학협력단,"15,000원/1kg, 15,000원/60g",Paecilomyces lilacinus,X,055-762-0025,경상남도 진주시 문산읍 월아산로950번길 25-9,biocontrol_both,
슈퍼델마(미생물+점토광물),토양개량 및 작물생육용,㈜에코윈,2024.02.24 ~ 2027.02.23,강원대학교 산학협력단,"25,000원/250g, 30,000원/2kg",Trichoderma harzianum,X,053-582-0321,대구광역시 달성군 유가읍 테크노중앙대로2길 18,soil_improvement,
유기토(토양미생물제제),토양개량 및 작물생육용,㈜한텍,2024.02.24 ~ 2027.02.23,강원대학교 산학협력단,"20,000원/2kg",Bacillus amyloliquefaciens,제 경남 거창017-가-20301 호,055-941-2140,경상남도 거창군 남상면 남진1길 185,soil_improvement,https://shopping.naver.com/product/13132206797
잰닥터1(JAN Dr1)에버백신(미생물),병해충관리용,(주)잰153바이오텍,2024.01.29 ~ 2027.01.28,국립순천대학교 산학협력단,"25,000원/250mL, 50,000원/500mL, 100,000원/1L",Bacillus subtilis,X,062-530-2132,전북 정읍시 첨단로 114,biocontrol_both,https://shopping.naver.com/product/13558572816
마귀황탄(미생물),병해관리용,㈜남보,2024.01.29 ~ 2027.01.28,국립순천대학교 산학협력단,"15,000원/2kg, 25,000원/5kg, 45,000원/10kg",Bacillus velezensis,X,055-762-6867,경상남도 진주시 문산읍 월아산로950번길 25-21,biocontrol_disease,https://shopping.naver.com/product/5550216482
파리응애균뚝(미생물),병해충관리용,㈜남보,2024.01.29 ~ 2027.01.28,국립순천대학교 산학협력단,"15,000원/60g, 15,000원/250g, 25,000원/500g, 6,000원/300g, 15,000원/1kg,","Metarhizium anisopliae, Trichoderma atroviride",X,055-762-6867,경상남도 진주시 문산읍 월아산로950번길 25-21,biocontrol_both,https://search.shopping.naver.com/catalog/59981694240
바로-담채(미생물+숯),토양개량 및 작물생육용,농업회사법인㈜엘바이오텍,2024.02.19 ~ 2027.02.18,국립순천대학교 산학협력단,"18,000원/10kg",Bacillus amyloliquefaciens,X,061-381-0383,전라남도 담양군 수북면 추성1로 849,soil_improvement,
랜드콘 플러스(미생물),토양개량 및 작물생육용,글로벌아그로㈜,2024.04.22 ~ 2027.04.21,강원대학교 산학협력단,"20,000원/1L, 60,000원/4L, 120,000원/10L",Bacillus subtilis,X,1800-0584,경상북도 안동시 풍산읍 절뒤길 18,soil_improvement,https://search.shopping.naver.com/catalog/52676762650
랜드콘 입제(미생물+자연암석분말),토양개량 및 작물생육용,글로벌아그로㈜,2024.05.24 ~ 2027.05.23,강원대학교 산학협력단,"20,000원/3kg, 30,000원/5kg",Bacillus subtilis,X,1800-0584,경상북도 안동시 풍산읍 절뒤길 18,soil_improvement,https://search.shopping.naver.com/catalog/52650906233
팍스팍스(미생물),충해관리용,㈜한얼싸이언스,2024.05.24 ~ 2027.05.23,강원대학교 산학협력단,"15,000원/200g, 30,000원/500g",Bacillus thuringiensis,X,033-930-7700,강원특별자치도 태백시 철암공단길 16-30 (철암동),biocontrol_insect,http://www.plantprotector.co.kr/index.html?branduid=12236057&ref=naver_open
유기원 굿바이총채(규조토+미생물),충해관리용,㈜한국바이오케미칼,2024.05.24 ~ 2027.05.23,국립순천대학교 산학협력단,"20,000/1.5kg",Beauveria bassiana,X,055-763-0241,경상남도 진주시 문산읍 월아산로950번길 14-20,biocontrol_insect,
쑥쑥튼튼(토양미생물제제),토양개량 및 작물생육용,단지바이오,2024.06.24 ~ 2027.06.23,국립순천대학교 산학협력단,"25,000원/1L, 60,000원/5L, 90,000원/10L, 100,000원/15L, 120,000원/20L",Lactobacillus paracasei,제 대구 서012-가-20301호,053-562-2580,"대구광역시 서구 북비산로 30 (이현동), 경상북도 의성군 다인면 서부로 3018",soil_improvement,https://search.shopping.naver.com/catalog/52803222091
파워MVP(엠브이피)(토양미생물제제),토양개량 및 작물생육용,MVP애그텍,2024.09.30 ~ 2027.09.29,국립순천대학교 산학협력단,"20,000원/5kg","Aspergillus oryzae, Bacillus subtilis",제 충북 옥천004-가-20301호,043-733-8996~7,충청북도 옥천군 군서면 동평3길 45-26,soil_improvement,https://shopping.naver.com/product/13629416687
아쿠도에코(미생물+제당부산물),토양개량 및 작물생육용,에프엠씨코리아㈜,2024.10.28 ~ 2027.10.27,강원대학교 산학협력단,"15,000원/50mL, 25,000원/100mL, 110,000원/500mL",Bacillus licheniformis,X,1522-6438,전라남도 장성군 남면 나노산단3로 33-5,soil_improvement,https://link.coupang.com/re/PCSNAVERPCSDP?pageKey=9559457473&ctag=9559457473&lptag=I28526401297&itemId=28526401297&vendorItemId=95473072814&spec=10305199
아쿠도에코 입제(미생물+점토광물),토양개량 및 작물생육용,에프엠씨코리아㈜,2024.10.28 ~ 2027.10.27,강원대학교 산학협력단,"20,000원/3kg, 30,000원/5kg",Bacillus licheniformis,X,1522-6438,전라남도 장성군 남면 나노산단3로 33-5,soil_improvement,https://shopping.naver.com/product/11984459376
올업(미생물),작물생육용,고려바이오㈜,2024.11.25 ~ 2027.11.24,강원대학교 산학협력단,"22,000원/1L",Bacillus velezensis,X,031-354-8183,경기도 화성시 정남면 정남동로 346,soil_improvement,
케이엠(K-M)(미생물),병해관리용,㈜엠바이넥스,2024.12.23 ~ 2027.12.22,강원대학교 산학협력단,"29,000원/250g",Paenibacillus polymyxa,X,055-761-4701,경상남도 진주시 문산읍 월아산로950번길 25-3,biocontrol_disease,https://shopping.naver.com/product/13630492303
토실이(미생물),토양개량 및 작물생육용,SJ인터내셔날,2024.11.25 ~ 2027.11.24,국립순천대학교 산학협력단,"25,000원/500ml 45,000원/1L",Bacillus velezensis,X,055-762-0025,경상남도 진주시 문산읍 월아산로950번길 25-9,soil_improvement,
비티플러스(님추출물+데리스추출물+미생물),충해관리용,가평군농업기술센터,2024.12.23 ~ 2027.12.22,강원대학교 산학협력단,"무상/1L, 5L, 10L",Bacillus thuringiensis,X,031-580-2583,경기도 가평군 가평읍 아랫마장길 59,biocontrol_insect,
비에스제이(BSJ)복합 미생물배양체액(토양미생물제제),토양개량 및 작물생육용,팔마미생물㈜,2024.12.23 ~ 2027.12.22,강원대학교 산학협력단,"42,000원/10L","Bacillus licheniformis, Bacillus subtilis, Lactobacillus plantarum",제 충남 홍성003-가-20301 호,02-703-7796(041-642-6900),충청남도 홍성군 장곡면 홍남동로 880,soil_improvement,
균스탑(미생물),병해관리용,우림바이오㈜,2025.01.27 ~ 2028.01.26,강원대학교 산학협력단,"20,000원/500mL",Paenibacillus polymyxa,X,031-294-1234(070-4244-2969),전라남도 영광군 백수읍 백수로 1215,biocontrol_disease,
탄저제로(미생물+점토광물),토양개량 및 작물생육용,㈜케이케이티생명자원개발연구소,2025.01.27 ~ 2028.01.26,국립순천대학교 산학협력단,"35,000원/2kg",Trichoderma harzianum,X,055-762-6972,경상남도 진주시 문산읍 월아산로950번길 25,soil_improvement,
총채스탑(미생물+미생물추출물),병해충관리용,글로벌아그로㈜,2025.04.21 ~ 2028.04.20,강원대학교 산학협력단,"20,000원/1.1kg",Beauveria bassiana,X,1800-0584,경상북도 안동시 풍산읍 절뒤길 18,biocontrol_both,https://search.shopping.naver.com/catalog/60541483696
부숙오케이(미생물),토양개량 및 작물생육용,에이치디바이오텍㈜,2025.02.24 ~ 2028.02.23,강원대학교 산학협력단,"20,000원/500mL",Bacillus subtilis,X,054-335-0270,경상북도 영천시 북안면 대원당길 56,soil_improvement,
균싹(미생물),병해관리용,글로벌아그로㈜,2025.04.21 ~ 2028.04.20,강원대학교 산학협력단,"20,000원/500mL",Bacillus methylotrophicus,X,1800-0584,경상북도 안동시 풍산읍 절뒤길 18,biocontrol_disease,https://shopping.naver.com/product/13545064813
코마에이치입제(미생물+해조류추출물),토양개량 및 작물생육용,㈜남보,2025.02.24 ~ 2028.02.23,국립순천대학교 산학협력단,"15,000/2kg, 25,000/5kg, 42,000/10kg",Bacillus licheniformis,X,055-762-6867,경상남도 진주시 문산읍 월아산로950번길 25-21,soil_improvement,https://search.shopping.naver.com/catalog/59591104999
보란패치그린(미생물),병해관리용,보란파마,2025.02.24 ~ 2028.02.23,국립순천대학교 산학협력단,"27,500원/500mL, 357,500원/10L 660,000원/20L",Bacillus velezensis,X,02-365-7000,전북특별자치도 정읍시 첨단과학로 241 (신정동),biocontrol_disease,https://search.shopping.naver.com/catalog/59981678082
흙고을골드(토양미생물제제),토양개량 및 작물생육용,㈜한텍,2025.03.24 ~ 2028.03.23,강원대학교 산학협력단,"25,000원/10kg","Aspergillus oryzae, Bacillus amyloliquefaciens",제 경남 거창017-가-20301 호,055-941-2140,경상남도 거창군 남상면 남진1길 185,soil_improvement,https://shopping.naver.com/product/12529004845
유산균발효액 씨비티(CBT)(미생물),토양개량 및 작물생육용,㈜쎌바이오텍,2025.03.24 ~ 2028.03.23,강원대학교 산학협력단,"1,000원/1L, 10,000원/10L, 20,000원/20L, 50,000원/50L, 100,000원/100L, 1,000,000원/1,000L","Lactobacillus bulgaricus, Lactobacillus casei",X,031-987-6205,경기도 김포시 월곶면 애기봉로409번길 50,soil_improvement,
유산균발효액 엘알(LR)(미생물),토양개량 및 작물생육용,㈜쎌바이오텍,2025.03.24 ~ 2028.03.23,강원대학교 산학협력단,"1,000원/1L, 10,000원/10L, 20,000원/20L, 50,000원/50L, 100,000원/100L, 1,000,000원/1,000L","Lactobacillus rhamnosus, Lactococcus lactis",X,031-987-6205,경기도 김포시 월곶면 애기봉로409번길 50,soil_improvement,
유산균발효액 피피(PP)(미생물),토양개량 및 작물생육용,㈜쎌바이오텍,2025.03.24 ~ 2028.03.23,강원대학교 산학협력단,"1,000원/1L, 10,000원/10L, 20,000원/20L, 50,000원/50L, 100,000원/100L, 1,000,000원/1,000L","Lactobacillus paracasei, Lactobacillus plantarum",X,031-987-6205,경기도 김포시 월곶면 애기봉로409번길 50,soil_improvement,
네마닥터 골드(미생물),충해관리용,㈜마이크로자임,2025.03.24 ~ 2028.03.23,강원대학교 산학협력단,"35,000원/5kg",Lactobacillus sakei,X,061-363-0607,전북특별자치도 정읍시 첨단2로 78 (신정동),biocontrol_insect,
슈퍼파우더 에이(A)(미생물+제당부산물),토양개량 및 작물생육용,㈜엠씨바이오텍,2025.05.19 ~ 2028.05.18,강원대학교 산학협력단,"22,000원/500g",Bacillus velezensis,X,062-716-1181,전북특별자치도 고창군 흥덕면 선운대로 3619-18,soil_improvement,
바이오탄(미생물),병해관리용,SJ인터내셔날,2025.04.21 ~ 2028.04.20,국립순천대학교 산학협력단,"12,000원/200mL 25,000원/500mL 40,000원/L",Bacillus velezensis,X,055-762-0025,경상남도 진주시 문산읍 월아산로950번길 25-9,biocontrol_disease,
총채스탑 수화제(미생물+중탄산나트륨),병해충관리용,글로벌아그로㈜,2025.11.24 ~ 2028.11.23,강원대학교 산학협력단,"30,000원/200g",Beauveria bassiana,X,1800-0584,경상북도 안동시 풍산읍 절뒤길 18,biocontrol_both,https://search.shopping.naver.com/catalog/60541483696
네마씨에코 입제(미생물),충해관리용,에프엠씨코리아㈜,2025.07.21 ~ 2028.07.20,강원대학교 산학협력단,"25,000원/3kg","Bacillus paralicheniformis, Bacillus subtilis",X,1522-6438,전라남도 장성군 남면 나노산단3로 33-5,biocontrol_insect,https://shopping.naver.com/product/10142797969
아트플랜에코 입제(미생물),병해관리용,에프엠씨코리아㈜,2025.07.21 ~ 2028.07.20,강원대학교 산학협력단,"22,000원/3kg","Bacillus subtilis, Bacillus velezensis",X,1522-6438,전라남도 장성군 남면 나노산단3로 33-5,biocontrol_disease,https://shopping.naver.com/product/13640363190
아조타골드(토양미생물제제),토양개량 및 작물생육용,㈜한텍,2025.07.21 ~ 2028.07.20,강원대학교 산학협력단,"25,000원/1L",Bacillus amyloliquefaciens,제 경남 거창017-가-20301 호,055-941-2140,경상남도 거창군 남상면 남진1길 185,soil_improvement,
제균박사(미생물),병해충관리용,㈜누림,2025.06.23 ~ 2028.06.22,국립순천대학교 산학협력단,"30,000원/500g(부가세 별도)","Bacillus licheniformis, Bacillus subtilis, Trichoderma harzianum",X,033-251-2511,강원특별자치도 춘천시 동내면 거두단지1길 29,biocontrol_both,https://search.shopping.naver.com/catalog/51882320799
잰닥터6네버박토(미생물),병해충관리용,(주)잰153바이오텍,2025.07.21 ~ 2028.07.20,국립순천대학교 산학협력단,"20,000원/250mL, 40,000원/500mL, 80,000원/1L",Bacillus methylotrophicus,X,062-530-2132,전북 정읍시 첨단로 114,biocontrol_both,https://search.shopping.naver.com/catalog/60374102495
팜볼드(미생물+수산화동),병해관리용,㈜팜한농,2025.10.20 ~ 2028.10.19,강원대학교 산학협력단,"30,000원/1kg",Bacillus amyloliquefaciens,X,1644-0901,경상북도 영천시 청통면 사일로 367-11,biocontrol_disease,
슈퍼네마탄(미생물),충해관리용,㈜에코윈,2025.10.20 ~ 2028.10.19,강원대학교 산학협력단,"30,000원/2kg",Paecilomyces lilacinus,X,053-582-0321,대구광역시 달성군 유가읍 테크노중앙대로2길 18,biocontrol_insect,
트리플 바이오(토양미생물제제),토양개량 및 작물생육용,㈜누보,2025.09.22 ~ 2028.09.21,강원대학교 산학협력단,"30,000원/20kg",Bacillus subtilis,제 울산 울주059-가-20301 호,1544-3098(055-365-3098),울산광역시 울주군 온산읍 대정로 106,soil_improvement,https://shopping.naver.com/product/12710302791
세레나데아소(미생물),병해관리용,바이엘크롭사이언스㈜,2023.09.21 ~ 2026.09.20,강원대학교 산학협력단,"34,000원/1L",Bacillus subtilis,제4-살균-42호,02-3450-1324(031-610-7754),세종특별자치시 연기면 공단로 49,biocontrol_disease,http://www.plantprotector.co.kr/index.html?branduid=51911&ref=naver_open
락토-에이치케이(락토-HK)(토양미생물제제),작물생육용,㈜웰빙엘에스,2025.11.24 ~ 2028.11.23,강원대학교 산학협력단,"70,000원/1kg","Lactobacillus fermentum, Saccharomyces cerevisiae",제 강원 강릉006-가-20301 호,033-646-8738,강원특별자치도 강릉시 과학단지로 24-19 (대전동),soil_improvement,
청고킬(미생물),병해관리용,순창군농업기술센터,2025.11.24 ~ 2028.11.23,국립순천대학교 산학협력단,"500원/2L(관내), 2,500원/2L(관외)",Burkholderia territorii,X,063-650-5646,전북특별자치도 순창군 유등면 담순로 1552,biocontrol_disease,
뿌리장생 수화제(미생물),병해관리용,(유)한터,2023.06.22 ~ 2026.06.21,강원대학교 산학협력단,"40,000원/200g",Bacillus amyloliquefaciens,X,063-537-1525,전북특별자치도 정읍시 첨단2로 78 (신정동),biocontrol_disease,
네마씨에코(미생물),충해관리용,에프엠씨코리아㈜,2026.03.23 ~ 2029.03.22,강원대학교 산학협력단,"30,000원/100mL, 130,000원/500mL","Bacillus paralicheniformis, Bacillus subtilis",X,1522-6438,전라남도 장성군 남면 나노산단3로 33-5,biocontrol_insect,https://search.shopping.naver.com/catalog/52101723736
아트플랜에코(미생물),병해관리용,에프엠씨코리아㈜,2026.03.23 ~ 2029.03.22,강원대학교 산학협력단,"27,000원/100mL, 120,000원/500mL","Bacillus subtilis, Bacillus velezensis",X,1522-6438,전라남도 장성군 남면 나노산단3로 33-5,biocontrol_disease,https://search.shopping.naver.com/catalog/54370738466
새시대(미생물),병해관리용,㈜천지인바이오텍,2026.04.20 ~ 2029.04.19,강원대학교 산학협력단,"25,000원/250mL",Bacillus velezensis,X,033-554-4416,강원특별자치도 태백시 철암공단길 16-25 (철암동),biocontrol_disease,
대유총진싹골드(미생물),병해충관리용,㈜대유,2026.03.23 ~ 2029.03.22,강원대학교 산학협력단,"15,000원/250mL, 30,000원/500mL","Bacillus thuringiensis, Beauveria bassiana",X,02-556-6293(043-834-3012),충청북도 괴산군 괴산읍 대제산단1길 12,biocontrol_both,https://shopping.naver.com/product/11754263180
대유닥터푸란트 액제(미생물),병해충관리용,㈜대유,2026.03.23 ~ 2029.03.22,강원대학교 산학협력단,"22,000원/500mL",Bacillus subtilis,X,02-556-6293(043-834-3012),충청북도 괴산군 괴산읍 대제산단1길 12,biocontrol_both,https://shopping.naver.com/product/12305756987
마루와가람(미생물+점토광물+해수+해조류+황),토양개량 및 작물생육용,영농조합법인 광수,2026.02.20 ~ 2029.02.19,국립순천대학교 산학협력단,"25,000원/500mL",Bacillus amyloliquefaciens,X,061-382-1941,전라남도 담양군 무정면 영천성도길 261,soil_improvement,
총채진나방킬(미생물),병해충관리용,㈜융전,2026.03.23 ~ 2029.03.22,국립순천대학교 산학협력단,"20,000원/100g, 11,000원/1kg, 16,000원/1.5kg, 21,300원/2kg","Bacillus thuringiensis, Beauveria bassiana",X,043-732-0004,충청북도 옥천군 동이면 옥천동이로 576-49,biocontrol_both,https://search.shopping.naver.com/catalog/53740739705
에코차-2050(농림부산물바이오차+미생물),토양개량 및 작물생육용,㈜남보,2026.03.23 ~ 2029.03.22,국립순천대학교 산학협력단,"40,000원/10kg",Bacillus amyloliquefaciens,X,055-762-6867,경상남도 진주시 문산읍 월아산로950번길 25-21,soil_improvement,
대유나방멸(규조토+미생물),병해충관리용,㈜대유,2026.04.20 ~ 2029.04.19,강원대학교 산학협력단,"12,500원/200g, 25,000원/500g",Bacillus thuringiensis,X,02-556-6293(043-834-3012),충청북도 괴산군 괴산읍 대제산단1길 12,biocontrol_both,https://shopping.naver.com/product/10443803869
얼라이브-쏘울(미생물+쌀겨+점토광물),토양개량 및 작물생육용,농업회사법인 ㈜진산,2026.04.20 ~ 2029.04.19,강원대학교 산학협력단,"30,000원/10kg",Bacillus subtilis,X,031-675-2601,경기도 안성시 보개면 이전봉산길 31-38,soil_improvement,https://shopping.naver.com/product/6536890207
고오랑골드(미생물+점토광물),토양개량 및 작물생육용,㈜비왕산업,2026.04.20 ~ 2029.04.19,강원대학교 산학협력단,"30,000원/10kg",Bacillus subtilis,X,054-243-2261,경상북도 포항시 북구 기계면 새마을로1314번길 39,soil_improvement,
가바실(토양미생물제제),작물생육용,㈜마이크로자임,2023.06.22 ~ 2026.06.21,강원대학교 산학협력단,"35,000원/1L",Bacillus subtilis,제 전북 정읍078-가-20301 호,061-363-0607,전북특별자치도 정읍시 첨단2로 78 (신정동),soil_improvement,
그린업(미생물+제당부산물+토탄+해조류),토양개량 및 작물생육용,코트그린 농업회사법인㈜,2023.06.22 ~ 2026.06.21,강원대학교 산학협력단,"28,000원/3kg",Bacillus subtilis,X,070-4495-7794,전라남도 영암군 군서면 군서공단로 60-23,soil_improvement,
애그로박타-비비(미생물),충해관리용,㈜에코비즈넷,2023.08.28 ~ 2026.08.27,강원대학교 산학협력단,"22,000원/1L",Beauveria bassiana,X,063-531-6410,전북특별자치도 정읍시 첨단로 101 (신정동),biocontrol_insect,
키리에(미생물),병해관리용,㈜엠바이넥스,2023.09.21 ~ 2026.09.20,강원대학교 산학협력단,"15,000원/100g, 30,000원/250g",Bacillus velezensis,X,055-761-4701,경상남도 진주시 문산읍 월아산로950번길 25-3,biocontrol_disease,
바빌루스(규조토+미생물),병해충관리용,㈜유피엘리미티드코리아,2023.09.21 ~ 2026.09.20,강원대학교 산학협력단,"27,000원/500g",Bacillus subtilis,X,043-852-8095,충청북도 충주시 풍동동막길 110 (가주동),biocontrol_both,
호호토(미생물+천연석고+토탄),토양개량 및 작물생육용,우림바이오㈜,2023.09.21 ~ 2026.09.20,강원대학교 산학협력단,"30,000원/10kg",Bacillus subtilis,X,031-294-1234(070-4244-2969),전라남도 영광군 백수읍 백수로 1215,soil_improvement,https://shopping.naver.com/product/12469929720
파워지씨엠-골드(동물부산물+미생물+자연암석분말+제당산업의 부산물),토양개량 및 작물생육용,㈜푸르네,2023.09.21 ~ 2026.09.20,국립순천대학교 산학협력단,"42,000원/1kg",Bacillus velezensis,X,010-9166-9647,전라남도 장성군 삼서면 금산로 348,soil_improvement,https://shopping.naver.com/product/9653474748
에코트리(동물부산물+미생물+식품공장의 유기적 부산물+자연암석분말+제당산업의 부산물),토양개량 및 작물생육용,㈜푸르네,2023.09.21 ~ 2026.09.20,국립순천대학교 산학협력단,"50,000원/1kg",Bacillus subtilis,X,010-9166-9647,전라남도 장성군 삼서면 금산로 348,soil_improvement,https://shopping.naver.com/product/8129949405
바벨논(미생물),병해충관리용,우림바이오㈜,2023.12.21 ~ 2026.12.20,강원대학교 산학협력단,"30,000원/500mL",Bacillus velezensis,X,031-294-1234(070-4244-2969),전라남도 영광군 백수읍 백수로 1215,biocontrol_both,
이노튼튼(미생물+제당산업의 부산물),작물생육용,㈜이노바텍,2023.10.26 ~ 2026.10.25,국립순천대학교 산학협력단,"15,374원/200g",Paenibacillus polymyxa,X,063-535-5833,전북특별자치도 정읍시 북면 3산단2길 75,soil_improvement,
이노쑥쑥(미생물+제당산업의 부산물),토양개량 및 작물생육용,㈜이노바텍,2023.10.26 ~ 2026.10.25,국립순천대학교 산학협력단,"15,374원/200g",Bacillus subtilis,X,063-535-5833,전북특별자치도 정읍시 북면 3산단2길 75,soil_improvement,
양토마(미생물),작물생육용,㈜현농,2023.11.23 ~ 2026.11.22,강원대학교 산학협력단,"25,000원/500mL",Bacillus velezensis,X,061-393-5316,전라남도 장성군 남면 나노산단3로 33-5,soil_improvement,
리퍼(RE-PUR)(미생물),병해관리용,농업회사법인 (주)오브제바이오,2023.11.23 ~ 2026.11.22,국립순천대학교 산학협력단,"25,000원/500ml",Burkholderia cepacia,X,010-4456-5426,광주광역시 광산구 평동산단로 246-43 (월전동),biocontrol_disease,
호미손(목초액+미생물),작물생육용,(주)한국치유농업연구소,2023.12.21 ~ 2026.12.20,국립순천대학교 산학협력단,"20,000원/500ml",Bacillus subtilis,X,,충청북도 충주시 창현로 1204 (용관동),soil_improvement,https://search.shopping.naver.com/catalog/60345901972
산과들(미생물),토양개량 및 작물생육용,농업회사법인 산과들애(주),2023.12.21 ~ 2026.12.20,국립순천대학교 산학협력단,"20,000원/500ml, 400,000원/10L, 800,000원/20L(VAT 포함)",Lactobacillus paracasei,X,055-552-3117,경상남도 창원시 진해구 진해대로 626-1 (경화동),soil_improvement,
케이바이오(미생물),병해관리용,㈜케이글로벌,2024.02.22 ~ 2027.02.21,강원대학교 산학협력단,"10,000원/500mL",Bacillus subtilis,X,031-334-6189,전북특별자치도 익산시 함열읍 익산대로78길 169,biocontrol_disease,
네박자(미생물),토양개량 및 작물생육용,농업회사법인 ㈜와이앤바이오,2024.01.25 ~ 2027.01.24,강원대학교 산학협력단,"25,000원/250g",Bacillus velezensis,X,061-381-5432,전라남도 담양군 대덕면 신등갈길 82,soil_improvement,https://shopping.naver.com/product/9717760406
미생플러스(미생물),병해충관리용,㈜한마음생명산업,2024.01.25 ~ 2027.01.24,국립순천대학교 산학협력단,"35,000원/15kg(VAT 별도)",Beauveria bassiana,X,061-333-2299(061-335-4567),전라남도 나주시 동강면 백련산로 140-5,biocontrol_both,
제균탄플러스에스(미생물+황),병해관리용,㈜씨엠씨코리아,2024.01.25 ~ 2027.01.24,국립순천대학교 산학협력단,"22,000원/500mL, 30,000원/1L",Paenibacillus polymyxa,X,042-671-3378~9,대전광역시 유성구 국제과학7로 6 (신동),biocontrol_disease,http://www.plantprotector.co.kr/index.html?branduid=12231079&ref=naver_open
오리자맥스(Orizamax)(미생물),병해관리용,㈜한얼싸이언스,2024.03.28 ~ 2027.03.27,강원대학교 산학협력단,"15,000원/100g, 25,000원/200g",Bacillus methylotrophicus,X,033-930-7700,강원특별자치도 태백시 철암공단길 16-30 (철암동),biocontrol_disease,
튼튼맨(미생물),병해관리용,㈜마이크로자임,2024.04.25 ~ 2027.04.24,강원대학교 산학협력단,"35,000원/1L",Bacillus siamensis,X,061-363-0607,전북특별자치도 정읍시 첨단2로 78 (신정동),biocontrol_disease,
자연토 골드(미생물+자연암석분말),토양개량 및 작물생육용,고려바이오㈜,2024.03.28 ~ 2027.03.27,강원대학교 산학협력단,"30,000원/10kg",Paenibacillus polymyxa,X,031-354-8183,경기도 화성시 정남면 정남동로 346,soil_improvement,
리첸풀빅(미생물+토탄추출물),토양개량 및 작물생육용,㈜대유,2024.03.28 ~ 2027.03.27,국립순천대학교 산학협력단,"30,000원/1L",Bacillus licheniformis,X,02-556-6293(043-834-3012),충청북도 괴산군 괴산읍 대제산단1길 12,soil_improvement,
대유님비티(님추출물+미생물),병해충관리용,㈜대유,2024.05.23 ~ 2027.05.22,국립순천대학교 산학협력단,"35,000원/500mL",Bacillus thuringiensis,X,02-556-6293(043-834-3012),충청북도 괴산군 괴산읍 대제산단1길 12,biocontrol_both,https://shopping.naver.com/product/13632643863
제노비티(미생물+미생물추출물),충해관리용,고려바이오㈜,2024.06.27 ~ 2027.06.26,강원대학교 산학협력단,"30,000원/500g",Bacillus thuringiensis,X,031-354-8183,경기도 화성시 정남면 정남동로 346,biocontrol_insect,
제노메타(미생물),충해관리용,고려바이오㈜,2024.06.27 ~ 2027.06.26,강원대학교 산학협력단,"30,000원/500g",Metarhizium rileyi,X,031-354-8183,경기도 화성시 정남면 정남동로 346,biocontrol_insect,
아미러스(토양미생물제제),토양개량 및 작물생육용,㈜누보,2024.06.27 ~ 2027.06.26,강원대학교 산학협력단,"40,000원/500g",Bacillus subtilis,제 울산 울주059-가-20301 호,1544-3098(055-365-3098),울산광역시 울주군 온산읍 대정로 106,soil_improvement,https://shopping.naver.com/product/12710712732
신강토그래뉼(토양미생물제제),토양개량 및 작물생육용,주식회사 지비텍,2024.07.25 ~ 2027.07.24,국립순천대학교 산학협력단,"30,000원/10kg",Bacillus subtilis,제 경기 여주070-가-20301 호,031-882-4541,경기도 여주시 북내면 여양3로 77-20,soil_improvement,
이노튼튼골드(미생물+제당산업의부산물),토양개량 및 작물생육용,㈜이노바텍,2024.07.25 ~ 2027.07.24,국립순천대학교 산학협력단,"15,000원/200g",Bacillus amyloliquefaciens,X,063-535-5833,전북특별자치도 정읍시 북면 3산단2길 75,soil_improvement,
현진바이오 멀티유기산(토양미생물제제),토양개량 및 작물생육용,현진바이오,2024.09.26 ~ 2027.09.25,국립순천대학교 산학협력단,,Bacillus subtilis,제 전북 익산077-가-20301 호,063-851-2109,전북특별자치도 익산시 황등면 원신기길 46,soil_improvement,https://shopping.naver.com/product/9705963609
유기토왕골드(동물부산물+미생물+토탄추출물),토양개량 및 작물생육용,제일농산친환경영농조합법인,2024.10.24 ~ 2027.10.23,강원대학교 산학협력단,"35,000원/10kg",Paenibacillus polymyxa,X,061-382-7599,전라남도 담양군 용면 통시암길 30,soil_improvement,
세레스(미생물+토탄추출물+해조류추출물),토양개량 및 작물생육용,㈜누림,2024.10.24 ~ 2027.10.23,국립순천대학교 산학협력단,"20,000원/500mL",Bacillus velezensis,X,033-251-2511,강원특별자치도 춘천시 동내면 거두단지1길 29,soil_improvement,https://search.shopping.naver.com/catalog/60325934395
팜프바이오차(농림부산물바이오차+동물부산물+미생물),토양개량 및 작물생육용,팜프랜드,2024.10.24 ~ 2027.10.23,국립순천대학교 산학협력단,"30,000원/10kg",Paenibacillus polymyxa,X,043-848-2015,충청북도 충주시 금가면 강수로 81-5,soil_improvement,
슈퍼탄분상(규조토+미생물),병해충관리용,㈜에코윈,2024.11.28 ~ 2027.11.27,강원대학교 산학협력단,"25,000원/250g, 45,000원/500g",Streptomyces griseofuscus,X,053-582-0321,대구광역시 달성군 유가읍 테크노중앙대로2길 18,biocontrol_both,
바이오코인(미생물+점토광물+제당부산물),토양개량 및 작물생육용,바실리㈜,2024.11.28 ~ 2027.11.27,강원대학교 산학협력단,"10,000원/40g, 11,000원/100g",Bacillus velezensis,X,054-820-7119(010-7979-1974),경상북도 안동시 풍산읍 번곡길 5-2,soil_improvement,https://shopping.naver.com/product/13308791232
무름헌터(규조토+미생물),병해관리용,㈜팜한농,2025.01.23 ~ 2028.01.22,강원대학교 산학협력단,"30,000원/250g",Bacillus velezensis,X,1644-0901,경상북도 영천시 청통면 사일로 367-11,biocontrol_disease,https://shopping.naver.com/product/11380178380
귤꽃나무1호(토양미생물제제),토양개량 및 작물생육용,주은바이오(주) 농업회사법인,2024.11.28 ~ 2027.11.27,국립순천대학교 산학협력단,"10,000원/1L, 35,000원/10L, 50,000원/20L(VAT별도)",Bacillus subtilis,제 제주 제주106-가-20301호,064-755-5801,제주특별자치도 제주시 한림읍 누운오름로 184,soil_improvement,
포테토킹(미생물),병해관리용,보란파마,2024.11.28 ~ 2027.11.27,국립순천대학교 산학협력단,"77,000원/500g","Bacillus amyloliquefaciens, Bacillus velezensis",X,02-365-7000,전북특별자치도 정읍시 첨단과학로 241 (신정동),biocontrol_disease,
잰닥터7올나방킬(미생물),충해관리용,(주)잰153바이오텍,2024.11.28 ~ 2027.11.27,국립순천대학교 산학협력단,"30,000원/250g",Bacillus thuringiensis,X,062-530-2132,전북 정읍시 첨단로 114,biocontrol_insect,
백강탄(미생물),충해관리용,농업회사법인 시온바이오(주),2024.11.28 ~ 2027.11.27,국립순천대학교 산학협력단,"44,000원/1kg",Beauveria brongniartii,X,041-541-6642,충청남도 예산군 신암면 신암남로 235,biocontrol_insect,https://search.shopping.naver.com/catalog/55698965280
패니박사(미생물+제당산업의 부산물),토양개량 및 작물생육용,㈜누림,2024.12.19 ~ 2027.12.18,국립순천대학교 산학협력단,"25,000원/250g (VAT별도)","Bacillus velezensis, Paenibacillus polymyxa",X,033-251-2511,강원특별자치도 춘천시 동내면 거두단지1길 29,soil_improvement,
비티킬(미생물),충해관리용,순창군농업기술센터,2024.12.19 ~ 2027.12.18,국립순천대학교 산학협력단,"500/2L(관내), 2,500/2L(관외)",Bacillus thuringiensis,X,063-650-5646,전북특별자치도 순창군 유등면 담순로 1552,biocontrol_insect,
경국대전(미생물),토양개량 및 작물생육용,더균(주),2025.01.23 ~ 2028.01.22,국립순천대학교 산학협력단,"30,000원/1L",Bacillus subtilis,X,054-820-5507,경상북도 안동시 풍산읍 번곡길 5-2,soil_improvement,
단비코인(미생물+점토광물+제당부산물),토양개량 및 작물생육용,바실리㈜,2025.02.20 ~ 2028.02.19,강원대학교 산학협력단,"10,000원/40g",Bacillus subtilis,X,054-820-7119(010-7979-1974),경상북도 안동시 풍산읍 번곡길 5-2,soil_improvement,
그로우픽스(토양미생물제제),토양개량 및 작물생육용,㈜서진바이오,2025.02.20 ~ 2028.02.19,강원대학교 산학협력단,"20,000원/1L",Azospirillum brasilense,제 전북 익산041-가-20301 호,063-858-9038,전북특별자치도 익산시 황등면 방교2길 11,soil_improvement,
뿌리왕입제(미생물+점토광물+토탄),토양개량 및 작물생육용,제노아그로(주),2025.02.20 ~ 2028.02.19,국립순천대학교 산학협력단,"25,000원/5kg",Bacillus subtilis,제 대전 대덕033-가-20301호,042-936-2443,대전광역시 대덕구 문평동로 41-44 (문평동),soil_improvement,
매하리(토양미생물제제),토양개량 및 작물생육용,광양시청,2025.02.20 ~ 2028.02.19,국립순천대학교 산학협력단,"17,950원/20kg",Bacillus velezensis,제 전남 광양010-가-20301호,061-797-3560,전라남도 광양시 광양읍 서천변로 177,soil_improvement,
전용1호 벨레젠스(미생물),병해관리용,더균(주),2025.02.20 ~ 2028.02.19,국립순천대학교 산학협력단,"35,000원/1L",Bacillus velezensis,X,054-820-5507,경상북도 안동시 풍산읍 번곡길 5-2,biocontrol_disease,https://shopping.naver.com/product/13313911458
스트렙토스탑(미생물+식물추출물),병해관리용,㈜엔비아그로,2025.06.18 ~ 2028.06.17,강원대학교 산학협력단,"30,000원/200g, 40,000원/300g",Streptomyces halstedii,X,041-754-1015,충청남도 금산군 추부면 숭암로 117,biocontrol_disease,
클린베이스(토양미생물제제),토양개량 및 작물생육용,천용아그로,2025.05.22 ~ 2028.05.21,국립순천대학교 산학협력단,"44,000원/15kg",Paenibacillus polymyxa,제 경북 경산040-가-20301호,053-604-5552,경상북도 경산시 와촌면 박사강변로 166,soil_improvement,
리퍼-쏘일(미생물+제당산업의 부산물),토양개량 및 작물생육용,농업회사법인 (주)오브제바이오,2025.07.16 ~ 2028.07.15,국립순천대학교 산학협력단,"30,000원/1kg",Burkholderia cepacia,X,010-4456-5426,광주광역시 광산구 평동산단로 246-43 (월전동),soil_improvement,
동시탄플러스(미생물),병해충관리용,㈜현농,2025.09.25 ~ 2028.09.24,강원대학교 산학협력단,"20,000원/3kg",Isaria javanica,X,061-393-5316,전라남도 장성군 남면 나노산단3로 33-5,biocontrol_both,https://shopping.naver.com/product/8351604678
프랜타(PLANTA)(미생물),토양개량 및 작물생육용,㈜아미텍,2025.08.21 ~ 2028.08.20,강원대학교 산학협력단,"20,000원/500mL, 35,000원/1L, 70,000원/2L, 120,000원/5L, 200,000원/10L",Bacillus subtilis,X,041-753-8947,충청남도 금산군 추부면 추풍로 241,soil_improvement,https://shopping.naver.com/product/13629299364
대유쏘일세팅(미생물+제오라이트),토양개량용,㈜대유,2025.08.21 ~ 2028.08.20,국립순천대학교 산학협력단,"50,000원/10kg",Bacillus subtilis,X,02-556-6293(043-834-3012),충청북도 괴산군 괴산읍 대제산단1길 12,soil_improvement,
라파팜(미생물),토양개량 및 작물생육용,농업회사법인㈜엘바이오텍,2025.08.21 ~ 2028.08.20,국립순천대학교 산학협력단,"12,000원/1L",Bacillus subtilis,X,061-381-0383,전라남도 담양군 수북면 추성1로 849,soil_improvement,
쏘일업(미생물+점토광물+토탄),토양개량 및 작물생육용,㈜아미텍,2025.09.25 ~ 2028.09.24,강원대학교 산학협력단,"12,000원/2kg, 20,000원/5kg, 30,000원/10kg",Bacillus subtilis,X,041-753-8947,충청남도 금산군 추부면 추풍로 241,soil_improvement,https://shopping.naver.com/product/11462318462
잰닥터3토양백신(토양미생물제제),토양개량 및 작물생육용,(주)잰153바이오텍,2025.09.25 ~ 2028.09.24,국립순천대학교 산학협력단,"25,000원/1kg, 60,000원/3kg",Bacillus subtilis,제 정읍094-가-20301호,062-530-2132,전북 정읍시 첨단로 114,soil_improvement,https://search.shopping.naver.com/catalog/57768481078
슈퍼옥토로(미생물+쌀겨+퇴구비),토양개량 및 작물생육용,㈜누림,2025.09.25 ~ 2028.09.24,국립순천대학교 산학협력단,"25,000원/20kg","Bacillus licheniformis, Bacillus subtilis",X,033-251-2511,강원특별자치도 춘천시 동내면 거두단지1길 29,soil_improvement,https://search.shopping.naver.com/catalog/59008037489
버틸캅(규조토+미생물),병해관리용,㈜팜한농,2025.10.30 ~ 2028.10.29,강원대학교 산학협력단,"60,000원/500g",Paenibacillus polymyxa,X,1644-0901,경상북도 영천시 청통면 사일로 367-11,biocontrol_disease,
부란킬(미생물),병해관리용,㈜대원화학,2025.10.30 ~ 2028.10.29,강원대학교 산학협력단,"38,500원/600mL",Bacillus velezensis,X,054-972-2908,경상북도 칠곡군 가산면 학하6길 53,biocontrol_disease,
헬로그린 마이크로프로(구아노+랑베나이트+미생물+제당산업의부산물+해조류),토양개량 및 작물생육용,코트그린 농업회사법인㈜,2025.10.30 ~ 2028.10.29,국립순천대학교 산학협력단,"28,000원/20kg",Bacillus vallismortis,X,070-4495-7794,전라남도 영암군 군서면 군서공단로 60-23,soil_improvement,
헬로그린 크린업(구아노+랑베나이트+미생물+제당산업의부산물+해조류),토양개량 및 작물생육용,코트그린 농업회사법인㈜,2025.10.30 ~ 2028.10.29,국립순천대학교 산학협력단,"28,000/20kg",Bacillus amyloliquefaciens,X,070-4495-7794,전라남도 영암군 군서면 군서공단로 60-23,soil_improvement,
내땅엔(미생물),토양개량 및 작물생육용,㈜현농,2025.11.20 ~ 2028.11.19,강원대학교 산학협력단,"20,000원/500mL, 35,000원/1L",Bacillus licheniformis,X,061-393-5316,전라남도 장성군 남면 나노산단3로 33-5,soil_improvement,
내밭엔(미생물),토양개량 및 작물생육용,㈜현농,2025.11.20 ~ 2028.11.19,강원대학교 산학협력단,"20,000원/500mL, 35,000원/1L",Pseudomonas putida,X,061-393-5316,전라남도 장성군 남면 나노산단3로 33-5,soil_improvement,
생육엔(미생물),토양개량 및 작물생육용,㈜현농,2025.11.20 ~ 2028.11.19,강원대학교 산학협력단,"20,000원/500mL, 35,000원/1L",Pseudomonas fluorescens,X,061-393-5316,전라남도 장성군 남면 나노산단3로 33-5,soil_improvement,
우리땅애(규조토+미생물),병해관리용,㈜팜한농,2025.12.18 ~ 2028.12.17,강원대학교 산학협력단,"25,000원/2kg",Bacillus siamensis,X,1644-0901,경상북도 구미시 남구미로 69 (공단동),biocontrol_disease,
알파토(미생물),토양개량 및 작물생육용,㈜천지인바이오텍,2025.12.18 ~ 2028.12.17,강원대학교 산학협력단,"28,000원/500mL",Bacillus amyloliquefaciens,X,033-554-4416,강원특별자치도 태백시 철암공단길 16-25 (철암동),soil_improvement,
큰대감(미생물),토양개량 및 작물생육용,㈜천지인바이오텍,2025.12.18 ~ 2028.12.17,강원대학교 산학협력단,"25,000원/500mL",Bacillus megaterium,X,033-554-4416,강원특별자치도 태백시 철암공단길 16-25 (철암동),soil_improvement,
나방엔에코(미생물),충해관리용,㈜현농,2026.01.22 ~ 2029.01.21,강원대학교 산학협력단,"35,000원/500mL, 60,000원/1L",Bacillus thuringiensis,X,061-393-5316,전라남도 장성군 남면 나노산단3로 33-5,biocontrol_insect,
더블윈(미생물),작물생육용,㈜비비코리아,2025.12.18 ~ 2028.12.17,강원대학교 산학협력단,"15,000원/1L",Bacillus velezensis,X,031-683-4002,경기도 평택시 청북읍 청북중앙로 329,soil_improvement,https://search.shopping.naver.com/catalog/59489002926
월등이(미생물),토양개량 및 작물생육용,㈜네츄럴그린,2025.12.18 ~ 2028.12.17,국립순천대학교 산학협력단,"13,000원/300ml, 25,000원/500ml, 38,000원/1L, 55,000원/2L, 200,000원/10L, 330,000원/20L, 8,800,000원/1,000L",Bacillus velezensis,X,,전북특별자치도 남원시 시묘길 89-17 (노암동),soil_improvement,
벨티울(미생물),충해관리용,㈜에코파인,2026.02.26 ~ 2029.02.25,강원대학교 산학협력단,"30,000원/250g",Bacillus thuringiensis,X,010-3354-6412(061-393-5316),전라남도 장성군 남면 나노산단3로 33-5,biocontrol_insect,
파워풀(토양미생물제제),토양개량 및 작물생육용,채움바이오 영농조합법인,2026.02.26 ~ 2029.02.25,강원대학교 산학협력단,"25,000원/20kg",Bacillus subtilis,제 충북 증평002-가-20301 호,043-838-5674,충청북도 증평군 도안면 사곡로 306,soil_improvement,
불티 입제(미생물+점토광물+토탄추출물),토양개량 및 작물생육용,글로벌아그로㈜,2026.02.26 ~ 2029.02.25,강원대학교 산학협력단,"20,000원/1kg",Bacillus velezensis,X,1800-0584,경상북도 안동시 풍산읍 절뒤길 18,soil_improvement,https://shopping.naver.com/product/13527020776
솔사이드-아이(규조토+미생물),충해관리용,㈜솔붐,2026.04.23 ~ 2029.04.22,강원대학교 산학협력단,"50,000원/500g",Beauveria bassiana,X,042-933-0923,전북특별자치도 정읍시 첨단과학로 241 (신정동),biocontrol_insect,
미생물충탄(미생물),병해충관리용,㈜한마음생명산업,2026.02.26 ~ 2029.02.25,국립순천대학교 산학협력단,"25,000원/100g","Bacillus thuringiensis, Beauveria bassiana",X,061-333-2299(061-335-4567),전라남도 나주시 남평읍 산남로 203,biocontrol_both,
세이버스(규조토+미생물),병해관리용,㈜팜한농,2026.03.19 ~ 2029.03.18,강원대학교 산학협력단,"30,000원/250g",Bacillus altitudinis,X,1644-0901,경상북도 영천시 청통면 사일로 367-11,biocontrol_disease,
엑스칼리버-골드(토양미생물제제),토양개량 및 작물생육용,흥농아그로,2026.04.23 ~ 2029.04.22,강원대학교 산학협력단,"37,000원/30g",Trichoderma harzianum,제 경기 평택017-나-20301 호,010-5309-0388,경기도 평택시 울성길 148 (지제동),soil_improvement,https://shopping.naver.com/product/4896378444
케이바이옴푸드(동물부산물+미생물+자연암석분말),토양개량 및 작물생육용,농업회사법인유한회사 에코힐,2026.04.23 ~ 2029.04.22,국립순천대학교 산학협력단,"40,000원/1L, 150,000원/4L, 500,000원/20L",Lactobacillus casei,X,,전북특별자치도 익산시 석암로1길 41 (용제동),soil_improvement,
